Date,BBL.BK,TTB.BK,KBANK.BK,PTTEP.BK,PTT.BK,CPALL.BK,CENTEL.BK,TISCO.BK,CBG.BK,LH.BK
2022-09-07,129.88929748535156,1.204310417175293,144.19117736816406,155.90362548828125,34.9104118347168,59.5521240234375,45.25,83.63223266601562,98.2916488647461,8.183221817016602
2022-09-08,128.91998291015625,1.204310417175293,143.21690368652344,151.17926025390625,34.2027702331543,60.293434143066406,46.25,83.40619659423828,98.78557586669922,8.230252265930176
2022-09-09,130.37396240234375,1.2139447927474976,145.16543579101562,154.01388549804688,34.674530029296875,59.30501937866211,47.25,83.63223266601562,97.79772186279297,8.41837215423584
2022-09-12,131.34329223632812,1.24284827709198,147.1139678955078,155.43118286132812,35.14628982543945,59.5521240234375,47.25,84.9884262084961,98.53861236572266,8.41837215423584
2022-09-13,130.85862731933594,1.2235792875289917,147.1139678955078,154.95875549316406,34.9104118347168,59.5521240234375,47.0,84.76239776611328,98.2916488647461,8.41837215423584
2022-09-14,130.37396240234375,1.2332137823104858,146.13970947265625,155.43118286132812,34.674530029296875,59.05791473388672,46.5,84.53636169433594,98.04468536376953,8.324312210083008
2022-09-15,129.88929748535156,1.2139447927474976,144.6782989501953,157.79336547851562,34.674530029296875,58.81081008911133,48.0,84.53636169433594,97.5507583618164,8.37134075164795
2022-09-16,129.88929748535156,1.2139447927474976,144.19117736816406,157.3209228515625,34.674530029296875,58.31660079956055,45.25,84.76239776611328,96.3159408569336,8.41837215423584
2022-09-19,131.8279571533203,1.2139447927474976,145.65257263183594,158.73822021484375,34.674530029296875,57.575286865234375,46.25,86.11859893798828,92.36451721191406,8.277281761169434
2022-09-20,132.31260681152344,1.2139447927474976,146.6268310546875,160.15554809570312,34.9104118347168,57.575286865234375,47.75,85.89256286621094,93.35237121582031,8.277281761169434
2022-09-21,131.8279571533203,1.2139447927474976,146.13970947265625,164.8798828125,34.9104118347168,57.32818603515625,46.75,85.6665267944336,92.36451721191406,8.230252265930176
2022-09-22,133.2819366455078,1.2332137823104858,147.1139678955078,163.9350128173828,35.14628982543945,56.33976745605469,46.75,86.3446273803711,92.1175537109375,8.230252265930176
2022-09-23,136.18991088867188,1.2235792875289917,147.60110473632812,161.1004180908203,34.9104118347168,56.0926628112793,48.5,85.44049835205078,91.12969207763672,8.277281761169434
2022-09-26,134.7359161376953,1.1850414276123047,145.65257263183594,156.84849548339844,34.9104118347168,55.598453521728516,47.75,84.9884262084961,89.64791107177734,8.324312210083008
2022-09-27,131.8279571533203,1.1657724380493164,141.26837158203125,155.43118286132812,34.674530029296875,55.845558166503906,48.75,84.53636169433594,89.15398406982422,8.606491088867188
2022-09-28,131.8279571533203,1.1657724380493164,139.80697631835938,153.0690155029297,34.234375,56.0926628112793,48.5,84.76239776611328,85.9434585571289,8.512432098388672
2022-09-29,133.7666015625,1.1657724380493164,140.78125,152.12413024902344,33.50078201293945,55.598453521728516,48.25,84.76239776611328,83.72077941894531,8.465401649475098
2022-09-30,132.31260681152344,1.1657724380493164,140.2941131591797,151.65170288085938,33.256248474121094,55.598453521728516,49.0,83.85826110839844,84.21470642089844,8.37134075164795
2022-10-03,128.43531799316406,1.1465035676956177,136.88418579101562,155.43118286132812,33.256248474121094,53.621620178222656,46.75,82.72810363769531,81.99202728271484,8.183221817016602
2022-10-04,130.85862731933594,1.1561379432678223,138.8327178955078,155.90362548828125,33.74531173706055,53.374515533447266,49.25,82.95413208007812,81.74506378173828,8.277281761169434
2022-10-05,132.31260681152344,1.1561379432678223,138.3455810546875,158.73822021484375,33.74531173706055,54.36293411254883,50.0,83.40619659423828,79.52239227294922,8.324312210083008
2022-10-06,133.7666015625,1.1754069328308105,138.8327178955078,160.6279754638672,33.74531173706055,53.621620178222656,49.5,85.44049835205078,81.25113677978516,8.277281761169434
2022-10-07,133.7666015625,1.1754069328308105,139.31985473632812,160.6279754638672,33.74531173706055,53.127410888671875,50.5,84.9884262084961,81.0041732788086,8.230252265930176
2022-10-10,132.79727172851562,1.1657724380493164,138.3455810546875,161.1004180908203,33.74531173706055,55.104244232177734,49.25,84.08429718017578,80.2632827758789,8.183221817016602
2022-10-11,131.8279571533203,1.1561379432678223,139.80697631835938,160.6279754638672,33.74531173706055,54.36293411254883,49.0,83.85826110839844,81.0041732788086,8.042131423950195
2022-10-12,133.2819366455078,1.1657724380493164,140.2941131591797,160.6279754638672,33.74531173706055,54.36293411254883,49.25,84.76239776611328,81.49810028076172,8.183221817016602
2022-10-17,134.7359161376953,1.1754069328308105,141.75550842285156,160.15554809570312,33.50078201293945,56.33976745605469,48.25,84.76239776611328,82.73291778564453,8.41837215423584
2022-10-18,135.2205810546875,1.1850414276123047,142.7297821044922,160.6279754638672,33.50078201293945,57.822391510009766,49.5,84.9884262084961,85.20256042480469,8.41837215423584
2022-10-19,136.18991088867188,1.1946759223937988,144.19117736816406,159.21066284179688,33.50078201293945,57.822391510009766,50.0,85.21446228027344,86.43738555908203,8.37134075164795
2022-10-20,138.61322021484375,1.2332137823104858,144.6782989501953,162.0452880859375,33.98984146118164,57.822391510009766,49.5,86.11859893798828,87.17827606201172,8.37134075164795
2022-10-21,137.64389038085938,1.24284827709198,142.24264526367188,162.9901580810547,33.98984146118164,57.822391510009766,50.0,86.3446273803711,86.93131256103516,8.37134075164795
2022-10-25,140.06719970703125,1.2813862562179565,137.85845947265625,163.9350128173828,34.234375,58.31660079956055,49.25,86.3446273803711,88.90702056884766,8.512432098388672
2022-10-26,139.09786987304688,1.3295586109161377,137.85845947265625,163.9350128173828,34.234375,58.81081008911133,51.5,86.5706558227539,89.15398406982422,8.606491088867188
2022-10-27,139.58253479003906,1.310289740562439,139.31985473632812,166.2971954345703,34.72343826293945,59.30501937866211,51.5,86.79669189453125,89.8948745727539,8.747581481933594
2022-10-28,139.58253479003906,1.3006552457809448,138.8327178955078,170.5491180419922,35.21249771118164,59.30501937866211,51.75,86.11859893798828,89.64791107177734,8.700551986694336
2022-10-31,141.03651428222656,1.310289740562439,142.24264526367188,171.49398803710938,35.21249771118164,59.30501937866211,50.75,86.79669189453125,89.15398406982422,8.653521537780762
2022-11-01,141.03651428222656,1.3199241161346436,142.7297821044922,176.69078063964844,35.21249771118164,59.799224853515625,51.25,86.79669189453125,90.38880157470703,8.653521537780762
2022-11-02,140.55186462402344,1.3199241161346436,143.21690368652344,176.2183380126953,35.21249771118164,60.293434143066406,49.75,87.47479248046875,90.14183807373047,8.747581481933594
2022-11-03,141.52117919921875,1.3391931056976318,145.65257263183594,177.63565063476562,34.96796798706055,60.046329498291016,47.75,88.15288543701172,90.38880157470703,8.747581481933594
2022-11-04,141.03651428222656,1.3199241161346436,144.6782989501953,181.4151153564453,35.21249771118164,60.046329498291016,47.75,87.7008285522461,91.87059020996094,8.653521537780762
2022-11-07,141.03651428222656,1.310289740562439,144.19117736816406,180.94268798828125,34.96796798706055,60.046329498291016,48.5,87.9268569946289,91.37665557861328,8.700551986694336
2022-11-08,141.03651428222656,1.310289740562439,144.6782989501953,181.4151153564453,34.72343826293945,60.293434143066406,49.0,87.7008285522461,94.09326171875,8.747581481933594
2022-11-09,141.03651428222656,1.310289740562439,143.70404052734375,182.3599853515625,34.234375,60.293434143066406,48.25,87.2487564086914,94.09326171875,8.747581481933594
2022-11-10,141.03651428222656,1.310289740562439,144.19117736816406,179.05294799804688,33.50078201293945,60.293434143066406,50.0,87.9268569946289,94.34022521972656,8.888671875
2022-11-11,141.03651428222656,1.310289740562439,144.19117736816406,178.58050537109375,33.98984146118164,60.78764343261719,50.25,88.15288543701172,97.30379486083984,8.935702323913574
2022-11-14,139.09786987304688,1.3006552457809448,140.78125,178.1080780029297,33.256248474121094,60.78764343261719,47.25,87.0227279663086,93.35237121582031,8.841641426086426
2022-11-15,139.09786987304688,1.310289740562439,140.78125,174.32858276367188,32.76718521118164,60.78764343261719,49.25,87.7008285522461,94.83415222167969,8.794611930847168
2022-11-16,138.12855529785156,1.3199241161346436,141.26837158203125,178.1080780029297,32.76718521118164,60.293434143066406,47.5,88.15288543701172,94.34022521972656,8.653521537780762
2022-11-17,138.61322021484375,1.310289740562439,139.80697631835938,176.69078063964844,32.27812576293945,61.77606201171875,47.25,87.2487564086914,95.32808685302734,8.794611930847168
2022-11-18,138.12855529785156,1.310289740562439,139.31985473632812,176.69078063964844,32.76718521118164,62.02316665649414,45.75,87.2487564086914,95.32808685302734,8.747581481933594
2022-11-21,138.12855529785156,1.310289740562439,138.8327178955078,176.2183380126953,32.52265548706055,62.270267486572266,46.5,87.0227279663086,94.09326171875,8.747581481933594
2022-11-22,139.58253479003906,1.3199241161346436,139.80697631835938,174.801025390625,32.52265548706055,62.517372131347656,47.0,87.2487564086914,93.35237121582031,8.794611930847168
2022-11-23,139.58253479003906,1.3391931056976318,139.31985473632812,182.83242797851562,33.01171875,62.02316665649414,47.0,87.7008285522461,92.85844421386719,8.888671875
2022-11-24,140.55186462402344,1.3391931056976318,139.80697631835938,179.52537536621094,33.01171875,62.517372131347656,48.25,87.7008285522461,93.10540771484375,8.747581481933594
2022-11-25,140.06719970703125,1.3295586109161377,139.80697631835938,176.2183380126953,33.01171875,62.02316665649414,48.75,87.7008285522461,92.61148071289062,8.794611930847168
2022-11-28,139.58253479003906,1.3199241161346436,139.80697631835938,173.8561553955078,32.52265548706055,61.77606201171875,48.5,87.2487564086914,92.61148071289062,8.794611930847168
2022-11-29,140.55186462402344,1.3295586109161377,141.75550842285156,178.1080780029297,32.52265548706055,62.76447677612305,48.25,87.47479248046875,93.35237121582031,8.888671875
2022-11-30,139.58253479003906,1.348827600479126,140.78125,177.63565063476562,32.52265548706055,64.24710083007812,49.5,88.15288543701172,94.34022521972656,9.029762268066406
2022-12-01,140.55186462402344,1.3391931056976318,140.2941131591797,175.74591064453125,32.52265548706055,64.98841857910156,48.25,88.3789291381836,94.34022521972656,9.029762268066406
2022-12-02,139.09786987304688,1.3295586109161377,138.8327178955078,172.43885803222656,32.27812576293945,64.0,48.5,87.9268569946289,94.58718872070312,8.888671875
2022-12-06,138.61322021484375,1.3295586109161377,138.3455810546875,170.5491180419922,32.033592224121094,63.01158142089844,48.5,87.7008285522461,94.34022521972656,8.982731819152832
2022-12-07,138.12855529785156,1.3295586109161377,138.8327178955078,166.2971954345703,31.544530868530273,64.0,48.0,88.3789291381836,93.59933471679688,9.029762268066406
2022-12-08,138.12855529785156,1.3199241161346436,138.3455810546875,162.9901580810547,31.05546760559082,64.0,48.0,88.6049575805664,93.35237121582031,9.029762268066406
2022-12-09,138.12855529785156,1.310289740562439,139.31985473632812,162.0452880859375,31.299999237060547,63.75289535522461,48.0,88.83098602294922,94.34022521972656,8.982731819152832
2022-12-13,140.06719970703125,1.310289740562439,139.80697631835938,165.35232543945312,31.299999237060547,64.49420928955078,48.0,89.2830581665039,94.34022521972656,9.029762268066406
2022-12-14,139.09786987304688,1.3295586109161377,138.3455810546875,164.40745544433594,31.05546760559082,65.23551940917969,48.5,89.50908660888672,95.82201385498047,9.029762268066406
2022-12-15,139.09786987304688,1.3295586109161377,139.31985473632812,163.46258544921875,30.810935974121094,64.49420928955078,48.25,89.2830581665039,95.08112335205078,9.029762268066406
2022-12-16,139.09786987304688,1.310289740562439,139.80697631835938,162.9901580810547,30.56640625,65.23551940917969,48.5,89.2830581665039,95.5750503540039,9.123822212219238
2022-12-19,139.09786987304688,1.3006552457809448,140.2941131591797,156.84849548339844,30.56640625,65.23551940917969,48.5,89.2830581665039,95.08112335205078,9.21788215637207
2022-12-20,139.58253479003906,1.310289740562439,139.31985473632812,157.3209228515625,30.56640625,64.49420928955078,48.5,89.50908660888672,93.35237121582031,9.21788215637207
2022-12-21,140.06719970703125,1.310289740562439,140.78125,157.3209228515625,30.321874618530273,65.23551940917969,50.0,90.18718719482422,92.36451721191406,9.170851707458496
2022-12-22,141.03651428222656,1.3199241161346436,141.26837158203125,161.57284545898438,30.810935974121094,65.48262786865234,49.25,89.73512268066406,92.61148071289062,9.21788215637207
2022-12-23,141.03651428222656,1.3199241161346436,140.2941131591797,162.0452880859375,30.810935974121094,65.23551940917969,49.75,89.50908660888672,92.85844421386719,9.264911651611328
2022-12-26,141.03651428222656,1.310289740562439,140.78125,164.40745544433594,31.544530868530273,65.23551940917969,49.75,89.73512268066406,93.10540771484375,9.264911651611328
2022-12-27,142.00584411621094,1.3199241161346436,141.75550842285156,165.35232543945312,31.7890625,66.96524810791016,50.5,89.9611587524414,94.83415222167969,9.35897159576416
2022-12-28,142.49050903320312,1.3295586109161377,142.24264526367188,165.35232543945312,32.033592224121094,66.71814727783203,50.75,90.18718719482422,95.5750503540039,9.406002044677734
2022-12-29,142.9751739501953,1.3391931056976318,143.21690368652344,166.2971954345703,32.033592224121094,67.45945739746094,50.25,90.18718719482422,95.5750503540039,9.500061988830566
2022-12-30,143.45982360839844,1.3584620952606201,143.70404052734375,166.76962280273438,32.52265548706055,67.45945739746094,50.25,89.73512268066406,95.5750503540039,9.311942100524902
2023-01-03,146.3677978515625,1.3584620952606201,145.16543579101562,165.35232543945312,32.033592224121094,68.69497680664062,51.0,89.9611587524414,94.83415222167969,9.264911651611328
2023-01-04,148.79110717773438,1.3680964708328247,147.60110473632812,157.79336547851562,31.299999237060547,68.20076751708984,52.0,89.9611587524414,93.59933471679688,9.311942100524902
2023-01-05,147.82177734375,1.3680964708328247,147.1139678955078,159.21066284179688,31.544530868530273,68.20076751708984,51.25,90.18718719482422,93.59933471679688,9.123822212219238
2023-01-06,152.18374633789062,1.3970000743865967,149.0625,158.2657928466797,31.7890625,69.43629455566406,51.5,90.41322326660156,97.79772186279297,9.264911651611328
2023-01-09,152.66839599609375,1.3970000743865967,150.52389526367188,159.21066284179688,32.27812576293945,72.1544418334961,51.5,91.76942443847656,102.73699951171875,9.21788215637207
2023-01-10,154.1223907470703,1.4066345691680908,151.49815368652344,159.68309020996094,32.52265548706055,70.17760467529297,50.5,91.76942443847656,101.25521850585938,9.264911651611328
2023-01-11,152.18374633789062,1.3873655796051025,151.0110321044922,158.2657928466797,32.76718521118164,67.7065658569336,50.0,92.22148132324219,101.7491455078125,9.21788215637207
2023-01-12,150.72975158691406,1.3777309656143188,152.47242736816406,159.68309020996094,33.01171875,67.7065658569336,50.0,93.12562561035156,100.76129150390625,9.21788215637207
2023-01-13,151.69908142089844,1.3584620952606201,151.0110321044922,158.2657928466797,33.01171875,67.45945739746094,51.0,93.57768249511719,102.24307250976562,9.21788215637207
2023-01-16,152.18374633789062,1.3680964708328247,151.0110321044922,161.57284545898438,33.01171875,66.96524810791016,50.75,92.22148132324219,101.7491455078125,9.123822212219238
2023-01-17,149.76043701171875,1.3680964708328247,149.0625,161.1004180908203,32.76718521118164,67.95366668701172,51.5,93.12562561035156,100.76129150390625,9.123822212219238
2023-01-18,149.76043701171875,1.3680964708328247,148.5753631591797,163.46258544921875,32.76718521118164,67.7065658569336,51.5,92.22148132324219,101.25521850585938,9.076791763305664
2023-01-19,149.76043701171875,1.3680964708328247,149.54962158203125,162.51771545410156,32.76718521118164,67.95366668701172,51.25,93.12562561035156,100.26736450195312,9.123822212219238
2023-01-20,146.8524627685547,1.3584620952606201,140.78125,162.51771545410156,32.52265548706055,67.21235656738281,50.0,92.67355346679688,100.26736450195312,9.076791763305664
2023-01-23,148.3064422607422,1.3873655796051025,139.80697631835938,164.40745544433594,33.01171875,68.4478759765625,50.75,92.22148132324219,97.30379486083984,9.076791763305664
2023-01-24,148.79110717773438,1.3873655796051025,139.80697631835938,162.51771545410156,32.76718521118164,69.1891860961914,51.75,92.22148132324219,98.2916488647461,9.076791763305664
2023-01-25,150.24508666992188,1.3873655796051025,139.80697631835938,162.51771545410156,32.76718521118164,68.94208526611328,52.25,92.67355346679688,101.7491455078125,9.170851707458496
2023-01-26,153.63772583007812,1.3970000743865967,141.75550842285156,161.57284545898438,32.52265548706055,68.4478759765625,52.0,93.12562561035156,99.7734375,9.21788215637207
2023-01-27,157.5150146484375,1.3970000743865967,143.70404052734375,162.51771545410156,32.52265548706055,67.95366668701172,52.0,93.12562561035156,99.7734375,9.311942100524902
2023-01-30,156.06103515625,1.416269063949585,142.24264526367188,162.0452880859375,32.52265548706055,67.95366668701172,52.0,93.12562561035156,101.7491455078125,9.35897159576416
2023-01-31,153.63772583007812,1.416269063949585,141.26837158203125,162.0452880859375,32.52265548706055,65.72972869873047,52.0,92.67355346679688,101.7491455078125,9.311942100524902
2023-02-01,155.09170532226562,1.416269063949585,140.78125,163.46258544921875,32.52265548706055,66.47103881835938,51.75,92.67355346679688,102.24307250976562,9.406002044677734
2023-02-02,156.5457000732422,1.3970000743865967,140.2941131591797,160.6279754638672,32.27812576293945,65.9768295288086,52.5,92.22148132324219,101.7491455078125,9.311942100524902
2023-02-03,156.5457000732422,1.3970000743865967,140.2941131591797,156.84849548339844,32.27812576293945,66.71814727783203,52.75,91.76942443847656,102.24307250976562,9.35897159576416
2023-02-06,156.06103515625,1.3970000743865967,140.2941131591797,154.95875549316406,32.033592224121094,65.9768295288086,54.0,93.12562561035156,101.7491455078125,9.264911651611328
2023-02-07,155.5763702392578,1.3680964708328247,139.80697631835938,155.90362548828125,31.7890625,65.9768295288086,54.0,92.67355346679688,100.76129150390625,9.311942100524902
2023-02-08,155.09170532226562,1.3584620952606201,139.80697631835938,155.90362548828125,32.033592224121094,65.9768295288086,55.25,92.67355346679688,99.27950286865234,9.170851707458496
2023-02-09,156.06103515625,1.348827600479126,140.78125,154.01388549804688,31.7890625,66.47103881835938,55.0,92.22148132324219,99.27950286865234,9.170851707458496
2023-02-10,158.96900939941406,1.348827600479126,139.31985473632812,154.48631286621094,31.7890625,66.22393798828125,56.0,92.67355346679688,99.27950286865234,9.311942100524902
2023-02-13,158.96900939941406,1.3584620952606201,139.80697631835938,155.90362548828125,31.544530868530273,66.22393798828125,55.5,92.22148132324219,100.26736450195312,9.21788215637207
2023-02-14,159.93832397460938,1.348827600479126,138.8327178955078,156.8780059814453,32.033592224121094,65.9768295288086,54.5,92.22148132324219,98.78557586669922,9.170851707458496
2023-02-15,158.96900939941406,1.3391931056976318,137.85845947265625,153.46762084960938,32.033592224121094,65.48262786865234,55.25,91.76942443847656,98.04468536376953,9.21788215637207
2023-02-16,157.5150146484375,1.3391931056976318,135.90992736816406,155.9036102294922,32.033592224121094,65.72972869873047,54.5,91.76942443847656,104.21878814697266,9.170851707458496
2023-02-17,155.5763702392578,1.310289740562439,134.4485321044922,154.92921447753906,32.76718521118164,65.48262786865234,55.0,91.31735229492188,103.724853515625,9.170851707458496
2023-02-20,159.93832397460938,1.348827600479126,135.42279052734375,156.39080810546875,32.27812576293945,63.50579071044922,54.25,91.31735229492188,101.25521850585938,9.21788215637207
2023-02-21,160.90765380859375,1.3584620952606201,135.90992736816406,155.41641235351562,32.52265548706055,64.7413101196289,54.75,91.76942443847656,101.25521850585938,9.264911651611328
2023-02-22,158.48434448242188,1.3391931056976318,132.98712158203125,152.0060272216797,32.033592224121094,65.72972869873047,55.75,92.67355346679688,100.76129150390625,9.21788215637207
2023-02-23,158.96900939941406,1.3391931056976318,133.47425842285156,150.05723571777344,31.544530868530273,64.24710083007812,56.5,92.67355346679688,99.27950286865234,9.170851707458496
2023-02-24,158.96900939941406,1.348827600479126,132.0128631591797,148.5956268310547,31.7890625,61.03474807739258,55.75,92.22148132324219,98.78557586669922,9.123822212219238
2023-02-27,157.5150146484375,1.348827600479126,132.5,148.10842895507812,31.299999237060547,61.52895736694336,55.75,92.67355346679688,99.27950286865234,9.123822212219238
2023-02-28,158.48434448242188,1.348827600479126,133.47425842285156,146.15963745117188,31.05546760559082,61.28185272216797,56.5,93.12562561035156,99.7734375,9.21788215637207
2023-03-01,157.9996795654297,1.3391931056976318,132.98712158203125,148.5956268310547,31.299999237060547,60.293434143066406,55.5,92.67355346679688,100.26736450195312,9.264911651611328
2023-03-02,153.63772583007812,1.3199241161346436,133.47425842285156,151.03163146972656,31.5,61.28185272216797,55.0,92.67355346679688,96.78413391113281,9.21788215637207
2023-03-03,154.1223907470703,1.3391931056976318,135.90992736816406,149.57003784179688,31.5,61.28185272216797,55.0,92.22148132324219,95.78892517089844,8.982731819152832
2023-03-07,153.63772583007812,1.3391931056976318,137.37132263183594,150.05723571777344,31.75,61.52895736694336,55.5,92.67355346679688,97.0329360961914,9.076791763305664
2023-03-08,155.09170532226562,1.3295586109161377,133.96139526367188,147.134033203125,31.5,61.77606201171875,55.5,91.76942443847656,100.51616668701172,9.21788215637207
2023-03-09,154.1223907470703,1.3391931056976318,133.96139526367188,145.18524169921875,31.0,62.270267486572266,57.25,91.76942443847656,100.51616668701172,9.170851707458496
2023-03-10,153.15306091308594,1.3295586109161377,132.5,142.26205444335938,30.75,61.03474807739258,57.5,91.31735229492188,100.01856231689453,9.029762268066406
2023-03-13,148.3064422607422,1.310289740562439,124.70587921142578,142.74925231933594,30.25,61.28185272216797,55.75,90.41322326660156,99.52095794677734,9.029762268066406
2023-03-14,143.94448852539062,1.2524827718734741,123.2444839477539,138.3644561767578,29.5,59.05791473388672,52.75,89.50908660888672,95.04251098632812,8.700551986694336
2023-03-15,148.3064422607422,1.2717517614364624,128.1157989501953,140.80044555664062,30.25,60.293434143066406,53.75,91.31735229492188,97.0329360961914,8.935702323913574
2023-03-16,144.913818359375,1.2621171474456787,126.16727447509766,132.51806640625,29.75,60.046329498291016,55.0,90.86528778076172,97.0329360961914,8.935702323913574
2023-03-17,148.79110717773438,1.3006552457809448,128.60293579101562,136.90286254882812,30.0,60.5405387878418,54.25,90.86528778076172,98.77455139160156,9.029762268066406
2023-03-20,145.8831329345703,1.2813862562179565,126.16727447509766,132.51806640625,30.0,61.03474807739258,53.75,90.41322326660156,97.5305404663086,8.982731819152832
2023-03-21,146.8524627685547,1.310289740562439,128.60293579101562,136.41566467285156,30.75,62.02316665649414,54.0,90.86528778076172,99.52095794677734,9.029762268066406
2023-03-22,147.33712768554688,1.3295586109161377,127.14154052734375,138.85165405273438,31.5,62.270267486572266,54.75,90.41322326660156,99.02335357666016,9.029762268066406
2023-03-23,147.33712768554688,1.3295586109161377,128.1157989501953,138.85165405273438,31.25,62.76447677612305,56.0,90.86528778076172,100.01856231689453,9.170851707458496
2023-03-24,148.3064422607422,1.3199241161346436,128.1157989501953,139.8260498046875,31.0,62.02316665649414,57.25,90.86528778076172,98.52574920654297,9.029762268066406
2023-03-27,147.33712768554688,1.3295586109161377,129.09007263183594,140.31324768066406,31.25,62.270267486572266,57.5,91.31735229492188,97.5305404663086,9.170851707458496
2023-03-28,149.76043701171875,1.3970000743865967,130.5514678955078,146.15963745117188,31.5,62.517372131347656,56.25,91.31735229492188,97.5305404663086,9.123822212219238
2023-03-29,151.21441650390625,1.3970000743865967,131.03860473632812,149.57003784179688,31.75,62.270267486572266,56.0,91.76942443847656,97.5305404663086,9.170851707458496
2023-03-30,150.24508666992188,1.3970000743865967,130.0643310546875,147.62123107910156,31.25,61.52895736694336,56.5,91.31735229492188,96.78413391113281,9.21788215637207
2023-03-31,146.8524627685547,1.3680964708328247,129.09007263183594,146.64683532714844,31.5,61.28185272216797,56.0,90.86528778076172,95.29131317138672,9.264911651611328
2023-04-03,149.27577209472656,1.3777309656143188,129.57720947265625,155.41641235351562,31.75,61.28185272216797,56.75,91.31735229492188,92.056884765625,9.21788215637207
2023-04-04,149.76043701171875,1.3777309656143188,128.1157989501953,156.39080810546875,31.5,60.5405387878418,56.0,91.76942443847656,88.82245635986328,9.21788215637207
2023-04-05,148.3064422607422,1.3680964708328247,126.16727447509766,155.41641235351562,31.25,60.5405387878418,56.0,90.86528778076172,86.58323669433594,9.123822212219238
2023-04-07,148.3064422607422,1.3873655796051025,126.65441131591797,155.41641235351562,31.25,60.293434143066406,55.5,91.31735229492188,87.57844543457031,9.21788215637207
2023-04-10,149.27577209472656,1.3970000743865967,128.60293579101562,155.41641235351562,31.5,61.03474807739258,55.0,91.31735229492188,88.82245635986328,9.21788215637207
2023-04-11,152.66839599609375,1.3970000743865967,131.52572631835938,155.41641235351562,31.5,61.28185272216797,55.25,91.31735229492188,86.83203887939453,9.311942100524902
2023-04-12,152.18374633789062,1.399999976158142,132.5,157.8524169921875,31.5,61.03474807739258,55.25,91.76942443847656,84.84161376953125,9.264911651611328
2023-04-17,154.1223907470703,1.399999976158142,133.5,157.36521911621094,31.5,61.77606201171875,55.75,92.22148132324219,86.33442687988281,9.35897159576416
2023-04-18,155.09170532226562,1.4199999570846558,132.5,153.95481872558594,31.5,62.270267486572266,54.75,91.76942443847656,85.33921813964844,9.311942100524902
2023-04-19,153.15306091308594,1.4199999570846558,131.5,153.95481872558594,31.0,63.25868606567383,54.25,90.18718719482422,80.86077880859375,9.21788215637207
2023-04-20,153.63772583007812,1.4199999570846558,126.0,149.57003784179688,30.5,63.01158142089844,55.0,90.18718719482422,76.87993621826172,9.21788215637207
2023-04-21,157.58981323242188,1.4900000095367432,128.5,150.05723571777344,30.75,62.517372131347656,55.0,89.9421157836914,75.88472747802734,9.21788215637207
2023-04-24,156.1077880859375,1.4600000381469727,127.5,151.51882934570312,31.0,62.76447677612305,53.5,88.47167205810547,73.6455078125,9.21788215637207
2023-04-25,153.63772583007812,1.4299999475479126,126.0,152.0060272216797,31.0,63.01158142089844,53.0,87.7364501953125,73.14790344238281,9.123822212219238
2023-04-26,155.61376953125,1.4700000286102295,127.0,147.134033203125,30.5,63.25868606567383,54.0,88.71674346923828,73.8943099975586,9.170851707458496
2023-04-27,155.1197509765625,1.4500000476837158,126.5,147.62123107910156,30.75,63.75289535522461,54.0,88.96182250976562,72.40149688720703,9.21788215637207
2023-04-28,155.1197509765625,1.4500000476837158,125.0,144.21084594726562,31.0,64.0,54.75,88.47167205810547,71.15748596191406,9.21788215637207
2023-05-02,156.1077880859375,1.4500000476837158,127.5,144.6980438232422,31.0,64.5,55.5,88.96182250976562,71.40628814697266,9.123822212219238
2023-05-03,156.60179138183594,1.4800000190734863,127.0,141.7748565673828,30.5,64.25,55.0,89.45196533203125,72.15269470214844,9.029762268066406
2023-05-08,160.05987548828125,1.5,129.5,145.18524169921875,31.0,65.0,55.75,89.9421157836914,76.38233184814453,9.273809432983398
2023-05-09,161.0478973388672,1.5,133.5,145.6724395751953,31.5,66.0,56.5,90.18718719482422,75.13832092285156,9.273809432983398
2023-05-10,160.55389404296875,1.5199999809265137,134.0,144.6980438232422,32.0,65.75,55.5,91.16748809814453,74.88951873779297,8.980952262878418
2023-05-11,161.0478973388672,1.5099999904632568,134.5,144.21084594726562,32.25,67.25,55.5,90.92240905761719,77.37754821777344,9.02976131439209
2023-05-12,160.05987548828125,1.4900000095367432,135.5,142.26205444335938,32.25,66.5,55.0,90.43226623535156,76.63113403320312,8.639286041259766
2023-05-15,160.05987548828125,1.4900000095367432,137.0,140.80044555664062,32.25,64.75,54.0,91.9027099609375,70.16227722167969,8.590476036071777
2023-05-16,159.0718536376953,1.4800000190734863,135.5,144.21084594726562,32.25,64.75,51.75,92.14778137207031,71.65509033203125,8.541666030883789
2023-05-17,157.09580993652344,1.4700000286102295,133.5,140.80044555664062,31.75,63.0,49.25,92.14778137207031,70.16227722167969,8.297618865966797
2023-05-18,159.5658721923828,1.4700000286102295,134.0,144.6980438232422,31.5,62.5,49.75,93.1280746459961,66.92784118652344,8.395237922668457
2023-05-19,158.08383178710938,1.5099999904632568,132.5,144.21084594726562,31.25,61.75,49.25,93.61822509765625,67.17664337158203,8.395237922668457
2023-05-22,157.58981323242188,1.5,133.0,143.2364501953125,31.25,62.0,49.5,93.37315368652344,68.66946411132812,8.492856979370117
2023-05-23,159.0718536376953,1.5700000524520874,134.5,144.6980438232422,31.5,62.25,50.0,93.61822509765625,69.16706848144531,8.590476036071777
2023-05-24,160.55389404296875,1.5499999523162842,136.0,146.15963745117188,31.5,63.25,51.5,94.35344696044922,66.43023681640625,8.492856979370117
2023-05-25,161.0478973388672,1.5800000429153442,134.5,144.6980438232422,31.25,62.75,51.5,94.35344696044922,67.17664337158203,8.444046974182129
2023-05-26,161.0478973388672,1.5800000429153442,132.5,139.33885192871094,31.0,63.25,51.5,94.35344696044922,67.42544555664062,8.444046974182129
2023-05-29,162.03591918945312,1.5800000429153442,132.5,140.80044555664062,31.0,63.25,50.75,94.59851837158203,66.43023681640625,8.395237922668457
2023-05-30,161.0478973388672,1.600000023841858,130.0,139.8260498046875,30.75,63.5,49.75,94.84358978271484,65.93263244628906,8.346428871154785
2023-05-31,161.0478973388672,1.5800000429153442,129.5,135.928466796875,30.0,63.75,50.25,94.59851837158203,66.18143463134766,8.297618865966797
2023-06-01,161.0478973388672,1.6200000047683716,129.0,135.44126892089844,30.0,63.25,49.75,95.08866882324219,64.6886215209961,8.248808860778809
2023-06-02,162.03591918945312,1.6699999570846558,131.5,138.85165405273438,30.25,63.25,49.5,94.59851837158203,65.43502807617188,8.199999809265137
2023-06-06,159.5658721923828,1.649999976158142,132.0,141.28765869140625,30.75,63.25,49.25,94.10836791992188,62.94700622558594,8.248808860778809
2023-06-07,158.5778350830078,1.6699999570846558,132.0,146.15963745117188,30.75,62.5,49.25,94.59851837158203,63.444610595703125,8.346428871154785
2023-06-08,161.0478973388672,1.6699999570846558,133.5,148.10842895507812,31.75,63.0,50.0,94.84358978271484,65.18622589111328,8.444046974182129
2023-06-09,161.0478973388672,1.659999966621399,132.5,147.62123107910156,31.75,63.25,49.75,94.84358978271484,64.6886215209961,8.395237922668457
2023-06-12,161.0478973388672,1.6100000143051147,132.0,145.6724395751953,31.5,63.5,49.75,94.84358978271484,66.92784118652344,8.346428871154785
2023-06-13,161.5419158935547,1.6399999856948853,132.5,148.10842895507812,31.5,64.0,50.5,95.333740234375,66.92784118652344,8.297618865966797
2023-06-14,161.0478973388672,1.6299999952316284,132.5,148.10842895507812,31.5,64.25,50.0,95.08866882324219,70.41107940673828,8.346428871154785
2023-06-15,160.05987548828125,1.6200000047683716,130.5,147.134033203125,31.25,64.25,49.5,94.59851837158203,68.66946411132812,8.346428871154785
2023-06-16,159.0718536376953,1.6200000047683716,130.5,149.0828399658203,31.75,64.5,48.75,94.59851837158203,67.92304992675781,8.346428871154785
2023-06-19,159.0718536376953,1.6200000047683716,130.0,146.64683532714844,31.5,64.0,48.25,94.84358978271484,67.42544555664062,8.297618865966797
2023-06-20,159.5658721923828,1.600000023841858,130.0,147.134033203125,31.5,64.25,48.25,94.59851837158203,67.17664337158203,8.248808860778809
2023-06-21,161.0478973388672,1.590000033378601,130.0,145.6724395751953,31.75,63.25,48.0,95.08866882324219,64.93742370605469,8.199999809265137
2023-06-22,160.55389404296875,1.590000033378601,129.5,145.18524169921875,31.5,62.25,47.25,94.35344696044922,63.19580841064453,8.199999809265137
2023-06-23,160.55389404296875,1.590000033378601,130.0,145.6724395751953,31.75,61.75,46.75,94.10836791992188,63.444610595703125,8.199999809265137
2023-06-26,161.0478973388672,1.600000023841858,130.0,143.2364501953125,31.5,62.0,46.25,94.35344696044922,61.205387115478516,8.102380752563477
2023-06-27,159.5658721923828,1.5800000429153442,129.0,141.7748565673828,31.5,61.5,46.0,94.35344696044922,61.95179748535156,8.102380752563477
2023-06-28,153.63772583007812,1.5299999713897705,127.5,139.8260498046875,31.25,61.5,46.25,93.86329650878906,62.200599670410156,8.004761695861816
2023-06-29,154.62574768066406,1.5,128.0,144.6980438232422,32.75,61.0,47.0,94.35344696044922,63.94221496582031,8.053570747375488
2023-06-30,157.58981323242188,1.5499999523162842,129.5,146.15963745117188,33.5,62.5,49.5,95.08866882324219,65.18622589111328,8.248808860778809
2023-07-03,157.58981323242188,1.5399999618530273,131.0,147.62123107910156,33.5,63.0,48.25,94.59851837158203,64.4398193359375,8.248808860778809
2023-07-04,158.5778350830078,1.5700000524520874,133.5,147.134033203125,33.75,63.75,49.0,95.08866882324219,64.93742370605469,8.248808860778809
2023-07-05,157.09580993652344,1.5499999523162842,134.5,149.0828399658203,34.0,63.25,48.5,95.333740234375,63.94221496582031,8.199999809265137
2023-07-06,154.13172912597656,1.5399999618530273,131.5,147.134033203125,33.75,62.5,47.25,94.35344696044922,63.19580841064453,8.199999809265137
2023-07-07,154.13172912597656,1.5399999618530273,129.5,146.64683532714844,33.75,62.75,46.75,94.59851837158203,63.94221496582031,8.199999809265137
2023-07-10,154.62574768066406,1.5399999618530273,130.5,148.10842895507812,34.0,63.0,47.25,94.10836791992188,63.19580841064453,8.151190757751465
2023-07-11,156.1077880859375,1.5399999618530273,131.5,148.10842895507812,34.0,62.75,47.0,94.35344696044922,63.94221496582031,8.199999809265137
2023-07-12,155.1197509765625,1.5199999809265137,130.5,151.03163146972656,34.25,62.5,45.25,94.10836791992188,64.6886215209961,8.199999809265137
2023-07-13,154.62574768066406,1.5299999713897705,131.5,152.9804229736328,34.25,62.0,44.5,94.35344696044922,67.42544555664062,8.199999809265137
2023-07-14,156.1077880859375,1.559999942779541,132.5,154.4420166015625,35.0,62.75,44.75,95.333740234375,68.91826629638672,8.297618865966797
2023-07-17,158.08383178710938,1.590000033378601,134.5,151.03163146972656,34.5,63.25,45.75,95.08866882324219,68.91826629638672,8.346428871154785
2023-07-18,161.0478973388672,1.6399999856948853,135.5,152.49322509765625,34.75,63.0,45.5,95.82389068603516,68.42066192626953,8.248808860778809
2023-07-19,162.03591918945312,1.6299999952316284,134.5,153.46762084960938,34.5,62.75,45.0,95.333740234375,70.16227722167969,8.297618865966797
2023-07-20,162.03591918945312,1.649999976158142,133.5,151.51882934570312,34.0,62.75,45.0,95.333740234375,69.4158706665039,8.248808860778809
2023-07-21,162.52993774414062,1.690000057220459,129.0,153.95481872558594,34.75,63.5,44.5,95.82389068603516,71.15748596191406,8.346428871154785
2023-07-24,165.98802185058594,1.6699999570846558,124.5,155.41641235351562,34.5,63.0,43.75,96.06896209716797,69.6646728515625,8.297618865966797
2023-07-25,166.48204040527344,1.6799999475479126,124.5,156.39080810546875,35.0,61.75,43.75,96.06896209716797,70.65988159179688,8.346428871154785
2023-07-26,169.44610595703125,1.7000000476837158,123.0,155.41641235351562,35.0,61.75,44.75,97.2943344116211,70.90868377685547,8.346428871154785
2023-07-27,167.9640655517578,1.690000057220459,125.0,155.41641235351562,34.75,62.75,46.5,97.5394058227539,72.89910125732422,8.297618865966797
2023-07-31,169.44610595703125,1.7200000286102295,126.0,155.41641235351562,35.0,63.5,47.25,98.51969909667969,72.40149688720703,8.297618865966797
2023-08-02,166.48204040527344,1.690000057220459,125.5,158.33961486816406,35.25,63.0,46.75,97.5394058227539,70.90868377685547,8.248808860778809
2023-08-03,165.0,1.649999976158142,123.0,155.41641235351562,34.75,61.25,45.5,96.80418395996094,70.41107940673828,8.199999809265137
2023-08-04,165.98802185058594,1.690000057220459,122.0,157.8524169921875,34.75,60.75,46.25,97.04925537109375,70.65988159179688,8.199999809265137
2023-08-07,170.4341278076172,1.7100000381469727,123.0,158.82681274414062,34.75,60.0,46.25,97.78447723388672,70.90868377685547,8.199999809265137
2023-08-08,167.9640655517578,1.690000057220459,123.0,156.8780059814453,34.75,59.0,46.25,97.04925537109375,70.41107940673828,8.151190757751465
2023-08-09,170.9281463623047,1.7100000381469727,127.0,158.82681274414062,35.0,59.75,47.0,97.5394058227539,71.90389251708984,8.151190757751465
2023-08-10,172.41017150878906,1.7100000381469727,127.0,162.23719787597656,35.75,59.75,46.5,97.04925537109375,71.40628814697266,8.199999809265137
2023-08-11,171.42214965820312,1.75,128.0,161.75,35.75,61.5,48.5,97.2943344116211,74.39191436767578,8.248808860778809
2023-08-15,169.44610595703125,1.7400000095367432,127.0,161.5,36.0,62.0,42.5,97.04925537109375,73.6455078125,8.151190757751465
2023-08-16,168.95208740234375,1.7699999809265137,126.5,160.5,35.75,62.5,41.0,97.5394058227539,75.38712310791016,8.151190757751465
2023-08-17,168.95208740234375,1.7599999904632568,127.5,158.0,36.0,62.5,43.0,97.04925537109375,77.62635040283203,8.151190757751465
2023-08-18,168.95208740234375,1.7699999809265137,128.5,158.5,36.0,62.0,42.25,97.5394058227539,75.63592529296875,8.151190757751465
2023-08-21,168.95208740234375,1.7699999809265137,129.0,160.5,36.0,62.5,42.75,98.02955627441406,77.12873840332031,8.151190757751465
2023-08-22,168.95208740234375,1.7799999713897705,130.0,159.0,36.25,64.5,43.75,98.02955627441406,83.59760284423828,8.248808860778809
2023-08-23,167.9640655517578,1.7999999523162842,132.5,158.0,35.75,65.75,43.25,98.02955627441406,83.0999984741211,8.199999809265137
2023-08-24,164.5059814453125,1.7200000286102295,131.0,157.5,35.5,65.5,44.25,97.78447723388672,85.5,8.25
2023-08-25,165.49400329589844,1.7599999904632568,132.0,159.0,35.5,65.5,44.75,99.99014282226562,85.75,8.300000190734863
2023-08-28,167.47006225585938,1.7699999809265137,133.0,160.0,35.75,65.25,46.25,100.48029327392578,85.25,8.350000381469727
2023-08-29,168.4580841064453,1.7599999904632568,132.0,160.0,36.0,65.75,47.25,100.48029327392578,85.75,8.350000381469727
2023-08-30,168.95208740234375,1.7400000095367432,131.5,163.0,35.5,65.25,47.25,101.46058654785156,85.5,8.350000381469727
2023-08-31,167.47006225585938,1.7100000381469727,130.5,158.5,34.75,65.25,47.75,100.97044372558594,86.0,8.300000190734863
2023-09-01,166.97604370117188,1.7000000476837158,129.5,162.5,35.0,65.25,47.0,99.99014282226562,85.75,8.25
2023-09-04,165.98802185058594,1.7000000476837158,130.5,161.5,34.75,64.5,46.75,99.99014282226562,87.25,8.25
2023-09-05,165.0,1.6799999475479126,130.0,161.0,34.75,64.0,46.5,99.5,82.5,8.350000381469727
2023-09-06,168.0,1.7300000190734863,131.0,166.0,35.25,64.25,46.5,100.5,82.5,8.399999618530273
2023-09-07,167.0,1.7200000286102295,130.5,167.0,35.0,64.5,47.5,99.5,81.75,8.449999809265137
